Model,MAE,MAE_STD,Spearman_R,R2
PC1 + Case Type + SurgeMe,4.695049496438223,3.7458562687267034,0.7641900171958961,0.5836206483561555
PC1 + Velocity Corr. + SurgeMe,4.654788413864539,3.38035888898246,0.7957845992485258,0.6180281077085886
SurgeMe (BoW only),6.419649379970461,4.213618727109647,0.5335390716728119,0.3194047553237507
