Model,MAE,MAE_STD,Spearman_R,R2
PC1 only (Ridge),5.352209172729795,4.112016853944542,0.6924881600525363,0.4742030182921766
PC1 + Case Type (Ridge),5.220113063659566,3.986589318689848,0.7139010993838868,0.5020465403362695
PC1 + Velocity Corr. (Ridge),5.2511106414539,3.8472766544574437,0.7230120951385984,0.5108967013862213
PC1 + Case Type (MLP),5.062506465069261,4.037383181775904,0.7104477380897621,0.5160475342826316
